created_at,updated_at,parent_category_id,language_id,name,code
CURRENT_TIMESTAMP,CURRENT_TIMESTAMP,null,1,Food & Beverages,PC00001
CURRENT_TIMESTAMP,CURRENT_TIMESTAMP,null,1,Baby & Toddler,PC00002
CURRENT_TIMESTAMP,CURRENT_TIMESTAMP,null,1,Health Care,PC00003
CURRENT_TIMESTAMP,CURRENT_TIMESTAMP,1,1,Food,PC00004
CURRENT_TIMESTAMP,CURRENT_TIMESTAMP,1,1,Beverages,PC00005
CURRENT_TIMESTAMP,CURRENT_TIMESTAMP,1,1,Desserts,PC00006
CURRENT_TIMESTAMP,CURRENT_TIMESTAMP,4,1,Candies,PC00007
CURRENT_TIMESTAMP,CURRENT_TIMESTAMP,4,1,Chocolates,PC00008
CURRENT_TIMESTAMP,CURRENT_TIMESTAMP,4,1,Breads,PC00009
CURRENT_TIMESTAMP,CURRENT_TIMESTAMP,4,1,Snacks,PC00010
CURRENT_TIMESTAMP,CURRENT_TIMESTAMP,5,1,Coffee,PC00011
CURRENT_TIMESTAMP,CURRENT_TIMESTAMP,5,1,Tea,PC00012
CURRENT_TIMESTAMP,CURRENT_TIMESTAMP,5,1,Milk,PC00013
CURRENT_TIMESTAMP,CURRENT_TIMESTAMP,5,1,Non-Dairy Milk,PC00014
CURRENT_TIMESTAMP,CURRENT_TIMESTAMP,5,1,Water,PC00015
CURRENT_TIMESTAMP,CURRENT_TIMESTAMP,5,1,Flavored Water,PC00016
CURRENT_TIMESTAMP,CURRENT_TIMESTAMP,5,1,Juice,PC00017
CURRENT_TIMESTAMP,CURRENT_TIMESTAMP,5,1,Sports & Energy Drinks,PC00018
CURRENT_TIMESTAMP,CURRENT_TIMESTAMP,5,1,Fruit Flavored Drinks,PC00019
CURRENT_TIMESTAMP,CURRENT_TIMESTAMP,6,1,Ice Creams,PC00020
CURRENT_TIMESTAMP,CURRENT_TIMESTAMP,6,1,Yogurts,PC00021
CURRENT_TIMESTAMP,CURRENT_TIMESTAMP,2,1,Diapers,PC00022
CURRENT_TIMESTAMP,CURRENT_TIMESTAMP,2,1,Baby Wipes,PC00023
CURRENT_TIMESTAMP,CURRENT_TIMESTAMP,2,1,Baby Drinks,PC00024
CURRENT_TIMESTAMP,CURRENT_TIMESTAMP,2,1,Baby Food,PC00025
CURRENT_TIMESTAMP,CURRENT_TIMESTAMP,2,1,Baby Formula,PC00026
CURRENT_TIMESTAMP,CURRENT_TIMESTAMP,2,1,Baby Snacks,PC00027
CURRENT_TIMESTAMP,CURRENT_TIMESTAMP,2,1,Baby Bottles,PC00028
CURRENT_TIMESTAMP,CURRENT_TIMESTAMP,2,1,Baby Bottle Nipples & Dots,PC00029
CURRENT_TIMESTAMP,CURRENT_TIMESTAMP,3,1,Medicine and Drugs,PC00030
CURRENT_TIMESTAMP,CURRENT_TIMESTAMP,3,1,Gels & Lotions,PC00031
CURRENT_TIMESTAMP,CURRENT_TIMESTAMP,3,1,Contraceptive Cases,PC00032
CURRENT_TIMESTAMP,CURRENT_TIMESTAMP,3,1,Antiseptics,PC00033
CURRENT_TIMESTAMP,CURRENT_TIMESTAMP,3,1,Medical Tape & Bandages,PC00034
CURRENT_TIMESTAMP,CURRENT_TIMESTAMP,3,1,Vitamins & Supplements,PC00035
CURRENT_TIMESTAMP,CURRENT_TIMESTAMP,3,1,Pregnancy Tests,PC00036
CURRENT_TIMESTAMP,CURRENT_TIMESTAMP,null,2,Makanan & Minuman,PC00001
CURRENT_TIMESTAMP,CURRENT_TIMESTAMP,null,2,Bayi & Balita,PC00002
CURRENT_TIMESTAMP,CURRENT_TIMESTAMP,null,2,Kesehatan,PC00003
CURRENT_TIMESTAMP,CURRENT_TIMESTAMP,1,2,Makanan,PC00004
CURRENT_TIMESTAMP,CURRENT_TIMESTAMP,1,2,Minuman,PC00005
CURRENT_TIMESTAMP,CURRENT_TIMESTAMP,1,2,Disert,PC00006
CURRENT_TIMESTAMP,CURRENT_TIMESTAMP,4,2,Permen,PC00007
CURRENT_TIMESTAMP,CURRENT_TIMESTAMP,4,2,Cokelat,PC00008
CURRENT_TIMESTAMP,CURRENT_TIMESTAMP,4,2,Roti,PC00009
CURRENT_TIMESTAMP,CURRENT_TIMESTAMP,4,2,Snacks,PC00010
CURRENT_TIMESTAMP,CURRENT_TIMESTAMP,5,2,Kopi,PC00011
CURRENT_TIMESTAMP,CURRENT_TIMESTAMP,5,2,Teh,PC00012
CURRENT_TIMESTAMP,CURRENT_TIMESTAMP,5,2,Susu,PC00013
CURRENT_TIMESTAMP,CURRENT_TIMESTAMP,5,2,Susu Non-Hewani,PC00014
CURRENT_TIMESTAMP,CURRENT_TIMESTAMP,5,2,Air,PC00015
CURRENT_TIMESTAMP,CURRENT_TIMESTAMP,5,2,Air Berperisa,PC00016
CURRENT_TIMESTAMP,CURRENT_TIMESTAMP,5,2,Jus,PC00017
CURRENT_TIMESTAMP,CURRENT_TIMESTAMP,5,2,Minuman Berenergi,PC00018
CURRENT_TIMESTAMP,CURRENT_TIMESTAMP,5,2,Minuman Berperisa Buah,PC00019
CURRENT_TIMESTAMP,CURRENT_TIMESTAMP,6,2,Es Krim,PC00020
CURRENT_TIMESTAMP,CURRENT_TIMESTAMP,6,2,Yogurt,PC00021
CURRENT_TIMESTAMP,CURRENT_TIMESTAMP,2,2,Popok,PC00022
CURRENT_TIMESTAMP,CURRENT_TIMESTAMP,2,2,Tisu Bayi,PC00023
CURRENT_TIMESTAMP,CURRENT_TIMESTAMP,2,2,Minuman Bayi,PC00024
CURRENT_TIMESTAMP,CURRENT_TIMESTAMP,2,2,Makanan Bayi,PC00025
CURRENT_TIMESTAMP,CURRENT_TIMESTAMP,2,2,Susu Formula,PC00026
CURRENT_TIMESTAMP,CURRENT_TIMESTAMP,2,2,Snacks Bayi,PC00027
CURRENT_TIMESTAMP,CURRENT_TIMESTAMP,2,2,Botol Bayi,PC00028
CURRENT_TIMESTAMP,CURRENT_TIMESTAMP,2,2,Nipple Botol Bayi & Dot,PC00029
CURRENT_TIMESTAMP,CURRENT_TIMESTAMP,3,2,Obat-obatan,PC00030
CURRENT_TIMESTAMP,CURRENT_TIMESTAMP,3,2,Gel & Losion,PC00031
CURRENT_TIMESTAMP,CURRENT_TIMESTAMP,3,2,Alat Kontrasepsi,PC00032
CURRENT_TIMESTAMP,CURRENT_TIMESTAMP,3,2,Antiseptik,PC00033
CURRENT_TIMESTAMP,CURRENT_TIMESTAMP,3,2,Pita & Perban Medis,PC00034
CURRENT_TIMESTAMP,CURRENT_TIMESTAMP,3,2,Vitamin & Suplemen,PC00035
CURRENT_TIMESTAMP,CURRENT_TIMESTAMP,3,2,Tes Kehamilan,PC00036
